[{"id":"user-image-2061997.png","publicUrl":"np://user.desktop.nicepage.com/Site_889211323/images/2061997.png","size":4327,"hash":"OoIB0u3jguKy7ry3XRuSHImWfLc=","fileName":"2061997.png","name":"2061997","width":128,"height":128,"thumbnail":{"url":"np://user.desktop.nicepage.com/Site_889211323/images/thumbnails/2061997.png","width":128,"height":128,"length":4327,"type":"png"},"folderId":null,"usages":["79636543"]},{"id":"user-image-4038897.png","publicUrl":"np://user.desktop.nicepage.com/Site_889211323/images/4038897.png","size":14824,"hash":"7ai2ZcVyHWTYMeqWz8G3KtPsWTQ=","fileName":"4038897.png","name":"4038897","width":128,"height":128,"thumbnail":{"url":"np://user.desktop.nicepage.com/Site_889211323/images/thumbnails/4038897.png","width":128,"height":128,"length":14824,"type":"png"},"folderId":null,"usages":["79636543"]},{"id":"user-image-1593893.png","publicUrl":"np://user.desktop.nicepage.com/Site_889211323/images/1593893.png","size":4011,"hash":"GzMRWt8zFtN7Qt3/PckUZOeUxZ0=","fileName":"1593893.png","name":"1593893","width":128,"height":128,"thumbnail":{"url":"np://user.desktop.nicepage.com/Site_889211323/images/thumbnails/1593893.png","width":128,"height":128,"length":4011,"type":"png"},"folderId":null,"usages":["79636543"]},{"id":"user-image-4978773.png","publicUrl":"np://user.desktop.nicepage.com/Site_889211323/images/4978773.png","size":8344,"hash":"8SYFtvAMmVSAkOmPtxOM4ZG+gSI=","fileName":"4978773.png","name":"4978773","width":128,"height":128,"thumbnail":{"url":"np://user.desktop.nicepage.com/Site_889211323/images/thumbnails/4978773.png","width":128,"height":128,"length":8344,"type":"png"},"folderId":null,"usages":["79636543"]},{"id":"user-image-disc-brake-and-pads-on-a-vehicle.jpg.webp","publicUrl":"np://user.desktop.nicepage.com/Site_889211323/images/disc-brake-and-pads-on-a-vehicle.jpg.webp","size":57904,"hash":"n+nbRXkIYu855lKLyRWoWe0rTu4=","fileName":"disc-brake-and-pads-on-a-vehicle.jpg.webp","name":"disc-brake-and-pads-on-a-vehicle.jpg","width":1260,"height":832,"thumbnail":{"url":"np://user.desktop.nicepage.com/Site_889211323/images/thumbnails/disc-brake-and-pads-on-a-vehicle.jpg.webp","width":250,"height":165},"folderId":null,"usages":["79636543"]},{"id":"user-image-202308-how-often-to-change-brake-fluid-final-scaled.jpg","publicUrl":"np://user.desktop.nicepage.com/Site_889211323/images/202308-how-often-to-change-brake-fluid-final-scaled.jpg","size":107272,"hash":"SPEw1ZyH8Afi/I6fRPgflXqNaj4=","fileName":"202308-how-often-to-change-brake-fluid-final-scaled.jpg","name":"202308-how-often-to-change-brake-fluid-final-scaled","width":1200,"height":800,"thumbnail":{"url":"np://user.desktop.nicepage.com/Site_889211323/images/thumbnails/202308-how-often-to-change-brake-fluid-final-scaled.jpg","width":250,"height":167},"folderId":null,"usages":["79636543"]},{"id":"user-image-Which-Oil-Change-is-Better_-Conventional-or-Synthetic.jpg","publicUrl":"np://user.desktop.nicepage.com/Site_889211323/images/Which-Oil-Change-is-Better_-Conventional-or-Synthetic.jpg","size":90051,"hash":"vLjciKZonGy7RobRU99KlcT4sPo=","fileName":"Which-Oil-Change-is-Better_-Conventional-or-Synthetic.jpg","name":"Which-Oil-Change-is-Better_-Conventional-or-Synthetic","width":1432,"height":952,"thumbnail":{"url":"np://user.desktop.nicepage.com/Site_889211323/images/thumbnails/Which-Oil-Change-is-Better_-Conventional-or-Synthetic.jpg","width":250,"height":166},"folderId":null,"usages":["79636543"]},{"id":"user-image-pexels-photo-9610521.jpeg","publicUrl":"np://user.desktop.nicepage.com/Site_889211323/images/pexels-photo-9610521.jpeg","size":77663,"hash":"xCaRqHWEkIsjZY6mqRfF8NOu+IU=","fileName":"pexels-photo-9610521.jpeg","name":"pexels-photo-9610521","width":864,"height":1080,"thumbnail":{"url":"np://user.desktop.nicepage.com/Site_889211323/images/thumbnails/pexels-photo-9610521.jpeg","width":200,"height":250},"folderId":null,"originalUrl":"//images01.nicepage.com/a1389d7bc73adea1e1c1fb7e/e0ee018c2df357b18923aa31/pexels-photo-9610521.jpeg","usages":["2829521886"]},{"id":"user-image-188601415_1752278938296802_8941473540191191000_n.jpg","publicUrl":"np://user.desktop.nicepage.com/Site_889211323/images/188601415_1752278938296802_8941473540191191000_n.jpg","size":205805,"hash":"8mxukpy4wEsIINEfmcPoeVDvn5w=","fileName":"188601415_1752278938296802_8941473540191191000_n.jpg","name":"188601415_1752278938296802_8941473540191191000_n","width":1440,"height":1440,"thumbnail":{"url":"np://user.desktop.nicepage.com/Site_889211323/images/thumbnails/188601415_1752278938296802_8941473540191191000_n.jpg","width":250,"height":250},"usages":["1653329487"]},{"id":"user-image-239422732_1814787505379278_8836826104846040396_n.jpg","publicUrl":"np://user.desktop.nicepage.com/Site_889211323/images/239422732_1814787505379278_8836826104846040396_n.jpg","size":283037,"hash":"ohKQ21ZvBuRdcs5O89RLWoP0zxg=","fileName":"239422732_1814787505379278_8836826104846040396_n.jpg","name":"239422732_1814787505379278_8836826104846040396_n","width":1440,"height":1440,"thumbnail":{"url":"np://user.desktop.nicepage.com/Site_889211323/images/thumbnails/239422732_1814787505379278_8836826104846040396_n.jpg","width":250,"height":250},"usages":["1653329487"]},{"id":"user-image-340846254_213283374676413_5166814976570157689_n.jpg","publicUrl":"np://user.desktop.nicepage.com/Site_889211323/images/340846254_213283374676413_5166814976570157689_n.jpg","size":391913,"hash":"sWRI6CX0dPjxTVjlEhiNj/kV0Fs=","fileName":"340846254_213283374676413_5166814976570157689_n.jpg","name":"340846254_213283374676413_5166814976570157689_n","width":1920,"height":1920,"thumbnail":{"url":"np://user.desktop.nicepage.com/Site_889211323/images/thumbnails/340846254_213283374676413_5166814976570157689_n.jpg","width":250,"height":250},"usages":["79636543"]},{"id":"user-image-351318930_578100017546287_944413879526205694_n.jpg","publicUrl":"np://user.desktop.nicepage.com/Site_889211323/images/351318930_578100017546287_944413879526205694_n.jpg","size":240122,"hash":"UCYwGCd6N39VJLt4nzNayvtXvZ4=","fileName":"351318930_578100017546287_944413879526205694_n.jpg","name":"351318930_578100017546287_944413879526205694_n","width":1440,"height":1440,"thumbnail":{"url":"np://user.desktop.nicepage.com/Site_889211323/images/thumbnails/351318930_578100017546287_944413879526205694_n.jpg","width":250,"height":250},"usages":["1653329487","79636543"]},{"id":"user-image-428378893_18086189743423259_2728472660934112190_n.jpg","publicUrl":"np://user.desktop.nicepage.com/Site_889211323/images/428378893_18086189743423259_2728472660934112190_n.jpg","size":366582,"hash":"C1VlFcawrAQGABrzt6WGwVhWcgw=","fileName":"428378893_18086189743423259_2728472660934112190_n.jpg","name":"428378893_18086189743423259_2728472660934112190_n","width":1440,"height":1800,"thumbnail":{"url":"np://user.desktop.nicepage.com/Site_889211323/images/thumbnails/428378893_18086189743423259_2728472660934112190_n.jpg","width":200,"height":250},"usages":["1653329487","79636543"]},{"id":"user-image-434034466_18090664753423259_6200753316894133118_n.jpg","publicUrl":"np://user.desktop.nicepage.com/Site_889211323/images/434034466_18090664753423259_6200753316894133118_n.jpg","size":290534,"hash":"kKLvxSRXpJ1axy5bNJH66f0GwX8=","fileName":"434034466_18090664753423259_6200753316894133118_n.jpg","name":"434034466_18090664753423259_6200753316894133118_n","width":1440,"height":1085,"thumbnail":{"url":"np://user.desktop.nicepage.com/Site_889211323/images/thumbnails/434034466_18090664753423259_6200753316894133118_n.jpg","width":250,"height":188},"usages":["1653329487"]},{"id":"user-image-7323ea25ea7bdc116a2b903b437f.jpeg","publicUrl":"np://user.desktop.nicepage.com/Site_889211323/images/7323ea25ea7bdc116a2b903b437f.jpeg","size":101761,"hash":"tvvposMwMCcGjwXS8Hmuo1YWWGA=","fileName":"7323ea25ea7bdc116a2b903b437f.jpeg","name":"7323ea25ea7bdc116a2b903b437f","width":1080,"height":1080,"thumbnail":{"url":"np://user.desktop.nicepage.com/Site_889211323/images/thumbnails/7323ea25ea7bdc116a2b903b437f.jpeg","width":250,"height":250},"usages":["2829521886"]},{"id":"user-image-83886753_1362055023985864_9059337872791830528_n.jpg","publicUrl":"np://user.desktop.nicepage.com/Site_889211323/images/83886753_1362055023985864_9059337872791830528_n.jpg","size":297056,"hash":"heD9uRnyhJexd2KpX0XoAA13Kiw=","fileName":"83886753_1362055023985864_9059337872791830528_n.jpg","name":"83886753_1362055023985864_9059337872791830528_n","width":1440,"height":1440,"thumbnail":{"url":"np://user.desktop.nicepage.com/Site_889211323/images/thumbnails/83886753_1362055023985864_9059337872791830528_n.jpg","width":250,"height":250},"usages":["1653329487"]},{"id":"user-image-VolkRacingCE28CRIIBlackEditionWheels-DiamondDarkGunmetal_3_1024x1024.jpg","publicUrl":"np://user.desktop.nicepage.com/Site_889211323/images/VolkRacingCE28CRIIBlackEditionWheels-DiamondDarkGunmetal_3_1024x1024.jpg","size":141990,"hash":"zH9pAi5lWXFNMVntY+YWnq9CuEc=","fileName":"VolkRacingCE28CRIIBlackEditionWheels-DiamondDarkGunmetal_3_1024x1024.jpg","name":"VolkRacingCE28CRIIBlackEditionWheels-DiamondDarkGunmetal_3_1024x1024","width":1024,"height":771,"thumbnail":{"url":"np://user.desktop.nicepage.com/Site_889211323/images/thumbnails/VolkRacingCE28CRIIBlackEditionWheels-DiamondDarkGunmetal_3_1024x1024.jpg","width":250,"height":188},"usages":["2829521886"]},{"id":"user-image-toyotaLandCruiserv82015exteriortme023bfull_tcm3046565899.jpg","publicUrl":"np://user.desktop.nicepage.com/Site_889211323/images/toyotaLandCruiserv82015exteriortme023bfull_tcm3046565899.jpg","size":124365,"hash":"VuDuqL2PHCATFt4DYfSAKLe9uZs=","fileName":"toyotaLandCruiserv82015exteriortme023bfull_tcm3046565899.jpg","name":"toyotaLandCruiserv82015exteriortme023bfull_tcm3046565899","width":1600,"height":900,"thumbnail":{"url":"np://user.desktop.nicepage.com/Site_889211323/images/thumbnails/toyotaLandCruiserv82015exteriortme023bfull_tcm3046565899.jpg","width":250,"height":141},"originalUrl":"//images01.nicepage.com/a1389d7bc73adea1e1c1fb7e/69739e7ff911545bb018f74c/toyotaLandCruiserv82015exteriortme023bfull_tcm3046565899.jpg","usages":["2829521886"]},{"id":"user-image-toyotaLandCruiserv82015interiortme021bfull_tcm3046565883.jpg","publicUrl":"np://user.desktop.nicepage.com/Site_889211323/images/toyotaLandCruiserv82015interiortme021bfull_tcm3046565883.jpg","size":112345,"hash":"PcpbqcxY9aNYOHfbA1mNRfYuuxw=","fileName":"toyotaLandCruiserv82015interiortme021bfull_tcm3046565883.jpg","name":"toyotaLandCruiserv82015interiortme021bfull_tcm3046565883","width":1600,"height":900,"thumbnail":{"url":"np://user.desktop.nicepage.com/Site_889211323/images/thumbnails/toyotaLandCruiserv82015interiortme021bfull_tcm3046565883.jpg","width":250,"height":141},"originalUrl":"//images01.nicepage.com/a1389d7bc73adea1e1c1fb7e/6ede5a78a7295c53a6004cc6/toyotaLandCruiserv82015interiortme021bfull_tcm3046565883.jpg","usages":["2829521886"]}]