[{"id":61230540,"title":"Blog Template","order":1,"templateKey":"blog","customTemplate":false,"customTemplateFilename":null,"pageLinks":[],"dateCreated":"2024-04-16T18:33:20.931Z","dateUpdated":"2024-04-16T18:33:21.491Z","folderId":null,"pageName":"Blog Template","serverPageId":null,"sectionCount":1,"status":2,"backwardUrl":null},{"id":117665331,"title":"Post Template","order":2,"templateKey":"post","customTemplate":false,"customTemplateFilename":null,"pageLinks":[],"dateCreated":"2024-04-16T18:33:20.997Z","dateUpdated":"2024-04-16T18:33:21.491Z","folderId":null,"pageName":"Post Template","serverPageId":null,"sectionCount":1,"status":2,"backwardUrl":null},{"id":4416873,"title":"Product List Template","order":3,"templateKey":"products","customTemplate":false,"customTemplateFilename":null,"pageLinks":[],"dateCreated":"2024-04-16T18:33:21.053Z","dateUpdated":"2024-04-16T18:33:21.491Z","folderId":null,"pageName":"Product List Template","serverPageId":null,"sectionCount":1,"status":2,"backwardUrl":null},{"id":96976822,"title":"Product Details Template","order":4,"templateKey":"product","customTemplate":false,"customTemplateFilename":null,"pageLinks":[],"dateCreated":"2024-04-16T18:33:21.111Z","dateUpdated":"2024-04-16T18:33:21.491Z","folderId":null,"pageName":"Product Details Template","serverPageId":null,"sectionCount":1,"status":2,"backwardUrl":null},{"id":206579013,"title":"Shopping Cart Template","order":5,"templateKey":"cart","customTemplate":false,"customTemplateFilename":null,"pageLinks":[],"dateCreated":"2024-04-16T18:33:21.163Z","dateUpdated":"2024-04-16T18:33:21.491Z","folderId":null,"pageName":"Shopping Cart Template","serverPageId":null,"sectionCount":1,"status":2,"backwardUrl":null},{"id":49238455,"title":"Checkout Template","order":6,"templateKey":"checkout","customTemplate":false,"customTemplateFilename":null,"pageLinks":[],"dateCreated":"2024-04-16T18:33:21.229Z","dateUpdated":"2024-04-16T18:33:21.491Z","folderId":null,"pageName":"Checkout Template","serverPageId":null,"sectionCount":1,"status":2,"backwardUrl":null},{"id":64364170,"title":"Login Template","order":7,"templateKey":"login","customTemplate":false,"customTemplateFilename":null,"pageLinks":[],"dateCreated":"2024-04-16T18:33:21.269Z","dateUpdated":"2024-04-16T18:33:21.491Z","folderId":null,"pageName":"Login Template","serverPageId":null,"sectionCount":1,"status":2,"backwardUrl":null},{"id":133213668,"title":"Page Password Template","order":8,"templateKey":"password","customTemplate":false,"customTemplateFilename":null,"pageLinks":[],"dateCreated":"2024-04-16T18:33:21.298Z","dateUpdated":"2024-04-16T18:33:21.492Z","folderId":null,"pageName":"Page Password Template","serverPageId":null,"sectionCount":1,"status":2,"backwardUrl":null},{"id":237445670,"title":"404 Not Found Template","order":9,"templateKey":"404","customTemplate":false,"customTemplateFilename":null,"pageLinks":[],"dateCreated":"2024-04-16T18:33:21.325Z","dateUpdated":"2024-04-16T18:33:21.492Z","folderId":null,"pageName":"404 Not Found Template","serverPageId":null,"sectionCount":1,"status":2,"backwardUrl":null},{"id":74407209,"title":"Thank You Page Template","order":10,"templateKey":"ThankYou","customTemplate":false,"customTemplateFilename":null,"pageLinks":[],"dateCreated":"2024-04-16T18:33:21.348Z","dateUpdated":"2024-04-16T18:33:21.492Z","folderId":null,"pageName":"Thank You Page Template","serverPageId":null,"sectionCount":1,"status":2,"backwardUrl":null},{"id":2829521886,"title":"Home","order":50,"templateKey":null,"customTemplate":false,"customTemplateFilename":null,"pageLinks":["79636543","1653329487","154819613","54309073"],"dateCreated":"2024-04-16T18:35:01.145Z","dateUpdated":"2024-08-21T08:37:46.454Z","folderId":null,"pageName":"Home_2829521886","serverPageId":null,"sectionCount":4,"status":2,"backwardUrl":null},{"id":2683225835,"title":"About","order":100,"templateKey":null,"customTemplate":false,"customTemplateFilename":null,"pageLinks":[],"dateCreated":"2024-04-16T18:33:21.365Z","dateUpdated":"2024-08-20T19:37:36.781Z","folderId":null,"pageName":"About_2683225835","serverPageId":null,"sectionCount":3,"status":2,"backwardUrl":null},{"id":2929404878,"title":"Contact","order":101,"templateKey":null,"customTemplate":false,"customTemplateFilename":null,"pageLinks":[],"dateCreated":"2024-04-16T18:33:21.380Z","dateUpdated":"2024-08-20T19:37:42.252Z","folderId":null,"pageName":"Contact_2929404878","serverPageId":null,"sectionCount":3,"status":2,"backwardUrl":null},{"id":1653329487,"title":"Felgen und Bremsen","order":102,"templateKey":null,"customTemplate":false,"customTemplateFilename":null,"pageLinks":[],"dateCreated":"2024-05-07T08:21:38.124Z","dateUpdated":"2024-08-20T19:37:49.983Z","folderId":null,"pageName":"Felgen und Bremsen_1653329487","serverPageId":null,"sectionCount":3,"status":2,"backwardUrl":null},{"id":54309073,"title":"Software Tuning","order":103,"templateKey":null,"customTemplate":false,"customTemplateFilename":null,"pageLinks":[],"dateCreated":"2024-05-17T08:40:32.181Z","dateUpdated":"2024-08-20T19:39:54.994Z","folderId":null,"pageName":"Software Tuning_54309073","serverPageId":null,"sectionCount":4,"status":2,"backwardUrl":null},{"id":79636543,"title":"Page 1","order":104,"templateKey":null,"customTemplate":false,"customTemplateFilename":null,"pageLinks":["1653329487"],"dateCreated":"2024-08-16T13:08:34.931Z","dateUpdated":"2024-08-20T19:25:28.721Z","folderId":null,"pageName":"Page 1_79636543","serverPageId":null,"sectionCount":8,"status":2,"backwardUrl":null},{"id":154819613,"title":"Page 2","order":105,"templateKey":null,"customTemplate":false,"customTemplateFilename":null,"pageLinks":[],"dateCreated":"2024-08-20T19:45:50.749Z","dateUpdated":"2024-08-21T07:39:06.670Z","folderId":null,"pageName":"Page 2_154819613","serverPageId":null,"sectionCount":1,"status":2,"backwardUrl":null}]